#filename,file_size,file_attributes,region_count,region_id,region_shape_attributes,region_attributes
214.jpg,60986,"{}",0,0,"{}","{}"
358.jpg,74321,"{}",0,0,"{}","{}"
443.jpg,74507,"{}",0,0,"{}","{}"
503.jpg,56878,"{}",0,0,"{}","{}"
897.jpg,114271,"{}",0,0,"{}","{}"
1103.jpg,85919,"{}",0,0,"{}","{}"
1274.jpg,57628,"{}",0,0,"{}","{}"
1431.jpg,50739,"{}",0,0,"{}","{}"
1901.jpg,65140,"{}",0,0,"{}","{}"
2075.jpg,76184,"{}",0,0,"{}","{}"
2374.jpg,82252,"{}",0,0,"{}","{}"
2534.jpg,88176,"{}",0,0,"{}","{}"
2580.jpg,80731,"{}",0,0,"{}","{}"
3252.jpg,57321,"{}",0,0,"{}","{}"
3372.jpg,63954,"{}",0,0,"{}","{}"
3374.jpg,54422,"{}",0,0,"{}","{}"
3538.jpg,71471,"{}",0,0,"{}","{}"
3622.jpg,96116,"{}",0,0,"{}","{}"
3864.jpg,40921,"{}",0,0,"{}","{}"
4103.jpg,73079,"{}",0,0,"{}","{}"
4983.jpg,81407,"{}",0,0,"{}","{}"
5787.jpg,53774,"{}",0,0,"{}","{}"
6059.jpg,57020,"{}",0,0,"{}","{}"
6246.jpg,75315,"{}",0,0,"{}","{}"
6665.jpg,45181,"{}",0,0,"{}","{}"
6985.jpg,106926,"{}",0,0,"{}","{}"
7192.jpg,145274,"{}",1,0,"{""name"":""rect"",""x"":182,""y"":114,""width"":245,""height"":302}","{""Elephant"":""1""}"
7413.jpg,91894,"{}",0,0,"{}","{}"
7568.jpg,97096,"{}",0,0,"{}","{}"
7804.jpg,127171,"{}",1,0,"{""name"":""rect"",""x"":124,""y"":62,""width"":63,""height"":105}","{""Uncle Sam"":""1""}"
7919.jpg,112015,"{}",0,0,"{}","{}"
8121.jpg,119096,"{}",0,0,"{}","{}"
8418.jpg,58631,"{}",0,0,"{}","{}"
9133.jpg,103654,"{}",0,0,"{}","{}"
10046.jpg,92920,"{}",0,0,"{}","{}"
10194.jpg,131355,"{}",0,0,"{}","{}"
10373.jpg,78318,"{}",1,0,"{""name"":""rect"",""x"":238,""y"":20,""width"":67,""height"":108}","{""Uncle Sam"":""1""}"
10523.jpg,65943,"{}",0,0,"{}","{}"
10984.jpg,104418,"{}",0,0,"{}","{}"
11052.jpg,101330,"{}",0,0,"{}","{}"
11171.jpg,147643,"{}",0,0,"{}","{}"
11203.jpg,159928,"{}",0,0,"{}","{}"
11445.jpg,87394,"{}",0,0,"{}","{}"
11886.jpg,68420,"{}",0,0,"{}","{}"
11971.jpg,91735,"{}",0,0,"{}","{}"
12249.jpg,47469,"{}",0,0,"{}","{}"
12571.jpg,70633,"{}",0,0,"{}","{}"
13041.jpg,59417,"{}",0,0,"{}","{}"
13522.jpg,90630,"{}",0,0,"{}","{}"
13587.jpg,96836,"{}",0,0,"{}","{}"
14023.jpg,77669,"{}",0,0,"{}","{}"
14525.jpg,43431,"{}",0,0,"{}","{}"
14540.jpg,59829,"{}",0,0,"{}","{}"
15744.jpg,49978,"{}",0,0,"{}","{}"
15849.jpg,54885,"{}",0,0,"{}","{}"
16277.jpg,86398,"{}",1,0,"{""name"":""rect"",""x"":84,""y"":105,""width"":90,""height"":102}","{""Elephant"":""1""}"
16647.jpg,56623,"{}",0,0,"{}","{}"
16660.jpg,85552,"{}",0,0,"{}","{}"
17252.jpg,80751,"{}",0,0,"{}","{}"
17295.jpg,74484,"{}",0,0,"{}","{}"
17300.jpg,98179,"{}",0,0,"{}","{}"
17566.jpg,81195,"{}",0,0,"{}","{}"
17627.jpg,83348,"{}",0,0,"{}","{}"
17722.jpg,132124,"{}",0,0,"{}","{}"
17927.jpg,87266,"{}",0,0,"{}","{}"
18009.jpg,82182,"{}",0,0,"{}","{}"
18548.jpg,80916,"{}",0,0,"{}","{}"
18925.jpg,81115,"{}",0,0,"{}","{}"
18934.jpg,86470,"{}",0,0,"{}","{}"
19550.jpg,68980,"{}",1,0,"{""name"":""rect"",""x"":409,""y"":197,""width"":158,""height"":172}","{""Uncle Sam"":""1""}"
19610.jpg,76323,"{}",1,0,"{""name"":""rect"",""x"":292,""y"":114,""width"":66,""height"":125}","{""Donkey"":""1""}"
19759.jpg,122227,"{}",0,0,"{}","{}"
19773.jpg,78381,"{}",0,0,"{}","{}"
19986.jpg,92510,"{}",0,0,"{}","{}"
21231.jpg,65840,"{}",0,0,"{}","{}"
21285.jpg,85451,"{}",0,0,"{}","{}"
21316.jpg,64569,"{}",0,0,"{}","{}"
21319.jpg,91270,"{}",0,0,"{}","{}"
21452.jpg,91323,"{}",0,0,"{}","{}"
21472.jpg,87328,"{}",0,0,"{}","{}"
21734.jpg,78933,"{}",0,0,"{}","{}"
22565.jpg,73028,"{}",0,0,"{}","{}"
22709.jpg,138949,"{}",0,0,"{}","{}"
22917.jpg,69363,"{}",0,0,"{}","{}"
23095.jpg,87722,"{}",1,0,"{""name"":""rect"",""x"":388,""y"":216,""width"":86,""height"":163}","{""Uncle Sam"":""1""}"
23274.jpg,68601,"{}",0,0,"{}","{}"
23312.jpg,68966,"{}",0,0,"{}","{}"
23637.jpg,82956,"{}",0,0,"{}","{}"
24111.jpg,76303,"{}",0,0,"{}","{}"
24211.jpg,89541,"{}",0,0,"{}","{}"
24746.jpg,70937,"{}",0,0,"{}","{}"
25788.jpg,74276,"{}",1,0,"{""name"":""rect"",""x"":4,""y"":19,""width"":255,""height"":327}","{""Elephant"":""1""}"
26490.jpg,67123,"{}",0,0,"{}","{}"
26703.jpg,103087,"{}",4,0,"{""name"":""rect"",""x"":129,""y"":176,""width"":123,""height"":200}","{""Donkey"":""1""}"
26703.jpg,103087,"{}",4,1,"{""name"":""rect"",""x"":286,""y"":402,""width"":179,""height"":224}","{""Donkey"":""1""}"
26703.jpg,103087,"{}",4,2,"{""name"":""rect"",""x"":180,""y"":36,""width"":69,""height"":67}","{""Donkey"":""1""}"
26703.jpg,103087,"{}",4,3,"{""name"":""rect"",""x"":325,""y"":29,""width"":71,""height"":61}","{""Elephant"":""1""}"
26842.jpg,150279,"{}",1,0,"{""name"":""rect"",""x"":174,""y"":135,""width"":174,""height"":201}","{""Elephant"":""1""}"
26891.jpg,72073,"{}",1,0,"{""name"":""rect"",""x"":99,""y"":90,""width"":179,""height"":171}","{""Elephant"":""1""}"
27131.jpg,116921,"{}",0,0,"{}","{}"
27275.jpg,111635,"{}",2,0,"{""name"":""rect"",""x"":143,""y"":154,""width"":174,""height"":279}","{""Elephant"":""1""}"
27275.jpg,111635,"{}",2,1,"{""name"":""rect"",""x"":377,""y"":146,""width"":127,""height"":279}","{""Donkey"":""1""}"
27301.jpg,91083,"{}",0,0,"{}","{}"
27368.jpg,111077,"{}",0,0,"{}","{}"
27688.jpg,78450,"{}",0,0,"{}","{}"
27906.jpg,89496,"{}",0,0,"{}","{}"
28407.jpg,72156,"{}",0,0,"{}","{}"
28659.jpg,96623,"{}",0,0,"{}","{}"
28816.jpg,78777,"{}",0,0,"{}","{}"
28854.jpg,84122,"{}",0,0,"{}","{}"
28857.jpg,66628,"{}",0,0,"{}","{}"
28894.jpg,81339,"{}",0,0,"{}","{}"
28994.jpg,105250,"{}",0,0,"{}","{}"
29148.jpg,33796,"{}",0,0,"{}","{}"
29574.jpg,27758,"{}",0,0,"{}","{}"
29582.jpg,89897,"{}",2,0,"{""name"":""rect"",""x"":308,""y"":96,""width"":72,""height"":127}","{""Donkey"":""1""}"
29582.jpg,89897,"{}",2,1,"{""name"":""rect"",""x"":503,""y"":110,""width"":92,""height"":113}","{""Elephant"":""1""}"
31060.jpg,85568,"{}",0,0,"{}","{}"
31171.jpg,95039,"{}",2,0,"{""name"":""rect"",""x"":321,""y"":171,""width"":69,""height"":70}","{""Clinton"":""1""}"
31171.jpg,95039,"{}",2,1,"{""name"":""rect"",""x"":134,""y"":92,""width"":103,""height"":164}","{""Donkey"":""1""}"
31775.jpg,73304,"{}",0,0,"{}","{}"
31849.jpg,72253,"{}",0,0,"{}","{}"
32024.jpg,79143,"{}",0,0,"{}","{}"
33178.jpg,79326,"{}",0,0,"{}","{}"
33201.jpg,85940,"{}",0,0,"{}","{}"
33258.jpg,73516,"{}",0,0,"{}","{}"
33453.jpg,90573,"{}",0,0,"{}","{}"
33645.jpg,101980,"{}",0,0,"{}","{}"
33888.jpg,56387,"{}",0,0,"{}","{}"
33929.jpg,105827,"{}",0,0,"{}","{}"
34572.jpg,84071,"{}",0,0,"{}","{}"
35251.jpg,61253,"{}",0,0,"{}","{}"
35420.jpg,79369,"{}",0,0,"{}","{}"
35433.jpg,99099,"{}",0,0,"{}","{}"
35447.jpg,71210,"{}",0,0,"{}","{}"
35661.jpg,100942,"{}",0,0,"{}","{}"
35719.jpg,125857,"{}",0,0,"{}","{}"
35751.jpg,58249,"{}",0,0,"{}","{}"
36327.jpg,63752,"{}",0,0,"{}","{}"
37046.jpg,80250,"{}",0,0,"{}","{}"
37137.jpg,62614,"{}",0,0,"{}","{}"
37226.jpg,86769,"{}",0,0,"{}","{}"
37386.jpg,100702,"{}",0,0,"{}","{}"
37796.jpg,81653,"{}",0,0,"{}","{}"
37837.jpg,86879,"{}",0,0,"{}","{}"
38196.jpg,67631,"{}",0,0,"{}","{}"
38284.jpg,101489,"{}",0,0,"{}","{}"
39317.jpg,93140,"{}",1,0,"{""name"":""rect"",""x"":220,""y"":97,""width"":142,""height"":143}","{""Obama"":""1""}"
39483.jpg,132879,"{}",0,0,"{}","{}"
39875.jpg,156289,"{}",2,0,"{""name"":""rect"",""x"":143,""y"":134,""width"":153,""height"":206}","{""Elephant"":""1""}"
39875.jpg,156289,"{}",2,1,"{""name"":""rect"",""x"":338,""y"":143,""width"":158,""height"":191}","{""Elephant"":""1""}"
40706.jpg,71993,"{}",0,0,"{}","{}"
41850.jpg,63077,"{}",0,0,"{}","{}"
42393.jpg,77889,"{}",0,0,"{}","{}"
42503.jpg,33567,"{}",0,0,"{}","{}"
42663.jpg,90966,"{}",1,0,"{""name"":""rect"",""x"":340,""y"":233,""width"":88,""height"":60}","{""Uncle Sam"":""1""}"
42816.jpg,85578,"{}",2,0,"{""name"":""rect"",""x"":125,""y"":186,""width"":79,""height"":163}","{""Donkey"":""1""}"
42816.jpg,85578,"{}",2,1,"{""name"":""rect"",""x"":290,""y"":83,""width"":108,""height"":197}","{""Donkey"":""1""}"
42982.jpg,60359,"{}",0,0,"{}","{}"
43108.jpg,64628,"{}",0,0,"{}","{}"
43548.jpg,77702,"{}",2,0,"{""name"":""rect"",""x"":58,""y"":58,""width"":140,""height"":225}","{""Donkey"":""1""}"
43548.jpg,77702,"{}",2,1,"{""name"":""rect"",""x"":356,""y"":62,""width"":206,""height"":143}","{""Elephant"":""1""}"
43719.jpg,87941,"{}",0,0,"{}","{}"
44172.jpg,91287,"{}",0,0,"{}","{}"
44187.jpg,64875,"{}",0,0,"{}","{}"
44294.jpg,68785,"{}",1,0,"{""name"":""rect"",""x"":465,""y"":105,""width"":131,""height"":196}","{""Uncle Sam"":""1""}"
44327.jpg,28220,"{}",1,0,"{""name"":""rect"",""x"":264,""y"":24,""width"":61,""height"":121}","{""Uncle Sam"":""1""}"
44368.jpg,77493,"{}",0,0,"{}","{}"
44654.jpg,79813,"{}",0,0,"{}","{}"
44802.jpg,63532,"{}",0,0,"{}","{}"
44992.jpg,72698,"{}",0,0,"{}","{}"
45165.jpg,68981,"{}",2,0,"{""name"":""rect"",""x"":98,""y"":147,""width"":59,""height"":85}","{""Clinton"":""1""}"
45165.jpg,68981,"{}",2,1,"{""name"":""rect"",""x"":459,""y"":203,""width"":63,""height"":66}","{""Obama"":""1""}"
45280.jpg,123469,"{}",2,0,"{""name"":""rect"",""x"":292,""y"":95,""width"":85,""height"":86}","{""Donkey"":""1""}"
45280.jpg,123469,"{}",2,1,"{""name"":""rect"",""x"":7,""y"":279,""width"":81,""height"":129}","{""Elephant"":""1""}"
45666.jpg,68901,"{}",0,0,"{}","{}"
45812.jpg,65162,"{}",0,0,"{}","{}"
45831.jpg,52316,"{}",0,0,"{}","{}"
46023.jpg,72102,"{}",0,0,"{}","{}"
46303.jpg,82349,"{}",2,0,"{""name"":""rect"",""x"":23,""y"":178,""width"":132,""height"":169}","{""Obama"":""1""}"
46303.jpg,82349,"{}",2,1,"{""name"":""rect"",""x"":238,""y"":176,""width"":124,""height"":169}","{""Obama"":""1""}"
46727.jpg,38714,"{}",0,0,"{}","{}"
46877.jpg,65992,"{}",0,0,"{}","{}"
47286.jpg,60202,"{}",0,0,"{}","{}"
47693.jpg,63699,"{}",0,0,"{}","{}"
48732.jpg,82420,"{}",1,0,"{""name"":""rect"",""x"":311,""y"":60,""width"":169,""height"":124}","{""Elephant"":""1""}"
48789.jpg,68426,"{}",0,0,"{}","{}"
48838.jpg,35048,"{}",1,0,"{""name"":""rect"",""x"":99,""y"":28,""width"":404,""height"":399}","{""Donkey"":""1""}"
48881.jpg,81145,"{}",2,0,"{""name"":""rect"",""x"":4,""y"":104,""width"":151,""height"":134}","{""Clinton"":""1""}"
48881.jpg,81145,"{}",2,1,"{""name"":""rect"",""x"":262,""y"":13,""width"":78,""height"":157}","{""Obama"":""1""}"
48968.jpg,40930,"{}",0,0,"{}","{}"
49358.jpg,51291,"{}",0,0,"{}","{}"
49381.jpg,62114,"{}",0,0,"{}","{}"
49402.jpg,51884,"{}",1,0,"{""name"":""rect"",""x"":395,""y"":189,""width"":68,""height"":82}","{""Uncle Sam"":""1""}"
49570.jpg,62068,"{}",0,0,"{}","{}"
49819.jpg,105817,"{}",1,0,"{""name"":""rect"",""x"":46,""y"":112,""width"":241,""height"":217}","{""Clinton"":""1""}"
49945.jpg,80267,"{}",0,0,"{}","{}"
50056.jpg,69405,"{}",0,0,"{}","{}"
50339.jpg,164833,"{}",1,0,"{""name"":""rect"",""x"":169,""y"":311,""width"":79,""height"":138}","{""Uncle Sam"":""1""}"
51420.jpg,69350,"{}",0,0,"{}","{}"
51594.jpg,42974,"{}",0,0,"{}","{}"
51864.jpg,109750,"{}",0,0,"{}","{}"
51902.jpg,41556,"{}",0,0,"{}","{}"
51921.jpg,100489,"{}",0,0,"{}","{}"
52128.jpg,90833,"{}",0,0,"{}","{}"
52153.jpg,40503,"{}",0,0,"{}","{}"
52293.jpg,101835,"{}",0,0,"{}","{}"
52457.jpg,61584,"{}",0,0,"{}","{}"
53041.jpg,76889,"{}",6,0,"{""name"":""rect"",""x"":157,""y"":101,""width"":59,""height"":70}","{""Clinton"":""1""}"
53041.jpg,76889,"{}",6,1,"{""name"":""rect"",""x"":10,""y"":212,""width"":49,""height"":122}","{""Donkey"":""1""}"
53041.jpg,76889,"{}",6,2,"{""name"":""rect"",""x"":128,""y"":240,""width"":82,""height"":123}","{""Donkey"":""1""}"
53041.jpg,76889,"{}",6,3,"{""name"":""rect"",""x"":260,""y"":252,""width"":92,""height"":120}","{""Donkey"":""1""}"
53041.jpg,76889,"{}",6,4,"{""name"":""rect"",""x"":410,""y"":272,""width"":82,""height"":123}","{""Donkey"":""1""}"
53041.jpg,76889,"{}",6,5,"{""name"":""rect"",""x"":494,""y"":235,""width"":52,""height"":88}","{""Donkey"":""1""}"
53252.jpg,83447,"{}",0,0,"{}","{}"
53280.jpg,63206,"{}",0,0,"{}","{}"
55117.jpg,43996,"{}",0,0,"{}","{}"
55351.jpg,60268,"{}",1,0,"{""name"":""rect"",""x"":35,""y"":9,""width"":502,""height"":368}","{""Elephant"":""1""}"
55526.jpg,63784,"{}",0,0,"{}","{}"
56286.jpg,73508,"{}",0,0,"{}","{}"
56432.jpg,95579,"{}",3,0,"{""name"":""rect"",""x"":196,""y"":128,""width"":89,""height"":89}","{""Elephant"":""1""}"
56432.jpg,95579,"{}",3,1,"{""name"":""rect"",""x"":250,""y"":138,""width"":121,""height"":134}","{""Elephant"":""1""}"
56432.jpg,95579,"{}",3,2,"{""name"":""rect"",""x"":361,""y"":132,""width"":111,""height"":138}","{""Elephant"":""1""}"
56451.jpg,47083,"{}",0,0,"{}","{}"
56614.jpg,92277,"{}",0,0,"{}","{}"
57117.jpg,57946,"{}",1,0,"{""name"":""rect"",""x"":501,""y"":227,""width"":70,""height"":99}","{""Obama"":""1""}"
57290.jpg,100054,"{}",0,0,"{}","{}"
57456.jpg,39147,"{}",1,0,"{""name"":""rect"",""x"":201,""y"":1,""width"":153,""height"":192}","{""Donkey"":""1""}"
57616.jpg,52179,"{}",0,0,"{}","{}"
58068.jpg,69218,"{}",0,0,"{}","{}"
58486.jpg,89182,"{}",0,0,"{}","{}"
58579.jpg,66590,"{}",0,0,"{}","{}"
58918.jpg,58290,"{}",0,0,"{}","{}"
59109.jpg,94668,"{}",0,0,"{}","{}"
59430.jpg,82842,"{}",0,0,"{}","{}"
59532.jpg,97081,"{}",0,0,"{}","{}"
60816.jpg,106582,"{}",0,0,"{}","{}"
60934.jpg,72881,"{}",0,0,"{}","{}"
61268.jpg,81687,"{}",1,0,"{""name"":""rect"",""x"":23,""y"":8,""width"":83,""height"":182}","{""Uncle Sam"":""1""}"
62019.jpg,57628,"{}",1,0,"{""name"":""rect"",""x"":385,""y"":47,""width"":80,""height"":140}","{""Obama"":""1""}"
62689.jpg,65241,"{}",0,0,"{}","{}"
63316.jpg,82902,"{}",1,0,"{""name"":""rect"",""x"":180,""y"":53,""width"":70,""height"":93}","{""Obama"":""1""}"
63755.jpg,56236,"{}",0,0,"{}","{}"
63950.jpg,77967,"{}",0,0,"{}","{}"
64097.jpg,77319,"{}",0,0,"{}","{}"
64441.jpg,101705,"{}",0,0,"{}","{}"
64486.jpg,56660,"{}",0,0,"{}","{}"
64814.jpg,61673,"{}",0,0,"{}","{}"
64897.jpg,106915,"{}",0,0,"{}","{}"
64930.jpg,71549,"{}",0,0,"{}","{}"
65298.jpg,86337,"{}",0,0,"{}","{}"
65314.jpg,143361,"{}",0,0,"{}","{}"
65602.jpg,98137,"{}",1,0,"{""name"":""rect"",""x"":160,""y"":71,""width"":43,""height"":69}","{""Obama"":""1""}"
65821.jpg,51138,"{}",0,0,"{}","{}"
66355.jpg,54531,"{}",0,0,"{}","{}"
66429.jpg,86566,"{}",0,0,"{}","{}"
66521.jpg,81680,"{}",0,0,"{}","{}"
66776.jpg,90395,"{}",0,0,"{}","{}"
66921.jpg,77463,"{}",1,0,"{""name"":""rect"",""x"":463,""y"":108,""width"":88,""height"":172}","{""Uncle Sam"":""1""}"
67133.jpg,71953,"{}",2,0,"{""name"":""rect"",""x"":299,""y"":95,""width"":157,""height"":206}","{""Clinton"":""1""}"
67133.jpg,71953,"{}",2,1,"{""name"":""rect"",""x"":1,""y"":8,""width"":241,""height"":387}","{""Obama"":""1""}"
67296.jpg,53011,"{}",0,0,"{}","{}"
67527.jpg,104895,"{}",6,0,"{""name"":""rect"",""x"":11,""y"":235,""width"":53,""height"":67}","{""Elephant"":""1""}"
67527.jpg,104895,"{}",6,1,"{""name"":""rect"",""x"":150,""y"":312,""width"":41,""height"":45}","{""Elephant"":""1""}"
67527.jpg,104895,"{}",6,2,"{""name"":""rect"",""x"":234,""y"":209,""width"":54,""height"":68}","{""Elephant"":""1""}"
67527.jpg,104895,"{}",6,3,"{""name"":""rect"",""x"":293,""y"":212,""width"":42,""height"":44}","{""Elephant"":""1""}"
67527.jpg,104895,"{}",6,4,"{""name"":""rect"",""x"":336,""y"":202,""width"":31,""height"":36}","{""Elephant"":""1""}"
67527.jpg,104895,"{}",6,5,"{""name"":""rect"",""x"":370,""y"":193,""width"":29,""height"":39}","{""Elephant"":""1""}"
68073.jpg,101986,"{}",0,0,"{}","{}"
68556.jpg,63290,"{}",0,0,"{}","{}"
68761.jpg,92241,"{}",0,0,"{}","{}"
69064.jpg,72183,"{}",0,0,"{}","{}"
69486.jpg,75966,"{}",0,0,"{}","{}"
69674.jpg,66261,"{}",0,0,"{}","{}"
69856.jpg,73155,"{}",0,0,"{}","{}"
69922.jpg,77094,"{}",0,0,"{}","{}"
70078.jpg,52726,"{}",0,0,"{}","{}"
70567.jpg,74332,"{}",0,0,"{}","{}"
70959.jpg,60446,"{}",0,0,"{}","{}"
71727.jpg,101969,"{}",0,0,"{}","{}"
71975.jpg,51849,"{}",1,0,"{""name"":""rect"",""x"":391,""y"":10,""width"":48,""height"":59}","{""Obama"":""1""}"
72277.jpg,42674,"{}",0,0,"{}","{}"
72342.jpg,69057,"{}",0,0,"{}","{}"
72627.jpg,65272,"{}",0,0,"{}","{}"
72686.jpg,64480,"{}",0,0,"{}","{}"
72744.jpg,69825,"{}",6,0,"{""name"":""rect"",""x"":109,""y"":117,""width"":62,""height"":64}","{""Elephant"":""1""}"
72744.jpg,69825,"{}",6,1,"{""name"":""rect"",""x"":160,""y"":125,""width"":70,""height"":51}","{""Elephant"":""1""}"
72744.jpg,69825,"{}",6,2,"{""name"":""rect"",""x"":368,""y"":106,""width"":74,""height"":76}","{""Elephant"":""1""}"
72744.jpg,69825,"{}",6,3,"{""name"":""rect"",""x"":435,""y"":114,""width"":72,""height"":70}","{""Elephant"":""1""}"
72744.jpg,69825,"{}",6,4,"{""name"":""rect"",""x"":37,""y"":269,""width"":111,""height"":88}","{""Elephant"":""1""}"
72744.jpg,69825,"{}",6,5,"{""name"":""rect"",""x"":189,""y"":265,""width"":90,""height"":85}","{""Elephant"":""1""}"
72795.jpg,57548,"{}",0,0,"{}","{}"
72852.jpg,44595,"{}",0,0,"{}","{}"
73348.jpg,16994,"{}",0,0,"{}","{}"
73805.jpg,81800,"{}",0,0,"{}","{}"
74574.jpg,94638,"{}",0,0,"{}","{}"
74681.jpg,69544,"{}",0,0,"{}","{}"
74782.jpg,95509,"{}",1,0,"{""name"":""rect"",""x"":251,""y"":293,""width"":48,""height"":65}","{""Obama"":""1""}"
74796.jpg,75633,"{}",0,0,"{}","{}"
74833.jpg,125476,"{}",1,0,"{""name"":""rect"",""x"":399,""y"":182,""width"":66,""height"":76}","{""Obama"":""1""}"
75214.jpg,183840,"{}",1,0,"{""name"":""rect"",""x"":259,""y"":183,""width"":73,""height"":102}","{""Obama"":""1""}"
75467.jpg,80194,"{}",0,0,"{}","{}"
75566.jpg,38561,"{}",0,0,"{}","{}"
75777.jpg,74310,"{}",0,0,"{}","{}"
76849.jpg,56708,"{}",1,0,"{""name"":""rect"",""x"":487,""y"":75,""width"":71,""height"":95}","{""Obama"":""1""}"
77155.jpg,94877,"{}",0,0,"{}","{}"
77343.jpg,56569,"{}",1,0,"{""name"":""rect"",""x"":68,""y"":63,""width"":65,""height"":116}","{""Uncle Sam"":""1""}"
77554.jpg,79516,"{}",3,0,"{""name"":""rect"",""x"":53,""y"":149,""width"":110,""height"":102}","{""Elephant"":""1""}"
77554.jpg,79516,"{}",3,1,"{""name"":""rect"",""x"":237,""y"":155,""width"":136,""height"":80}","{""Elephant"":""1""}"
77554.jpg,79516,"{}",3,2,"{""name"":""rect"",""x"":471,""y"":172,""width"":125,""height"":130}","{""Elephant"":""1""}"
77843.jpg,91384,"{}",0,0,"{}","{}"
77880.jpg,125799,"{}",0,0,"{}","{}"
78607.jpg,75214,"{}",1,0,"{""name"":""rect"",""x"":218,""y"":134,""width"":71,""height"":110}","{""Uncle Sam"":""1""}"
80047.jpg,64170,"{}",0,0,"{}","{}"
80080.jpg,86349,"{}",0,0,"{}","{}"
80501.jpg,27427,"{}",0,0,"{}","{}"
80734.jpg,58607,"{}",0,0,"{}","{}"
80967.jpg,42536,"{}",0,0,"{}","{}"
81067.jpg,167008,"{}",0,0,"{}","{}"
81078.jpg,81159,"{}",0,0,"{}","{}"
81542.jpg,110369,"{}",0,0,"{}","{}"
81650.jpg,122594,"{}",0,0,"{}","{}"
81778.jpg,85406,"{}",0,0,"{}","{}"
81933.jpg,71439,"{}",1,0,"{""name"":""rect"",""x"":349,""y"":166,""width"":43,""height"":39}","{""Obama"":""1""}"
82146.jpg,59954,"{}",0,0,"{}","{}"
82286.jpg,101911,"{}",0,0,"{}","{}"
82315.jpg,88575,"{}",0,0,"{}","{}"
82986.jpg,82722,"{}",0,0,"{}","{}"
83174.jpg,90836,"{}",1,0,"{""name"":""rect"",""x"":395,""y"":298,""width"":72,""height"":91}","{""Elephant"":""1""}"
83551.jpg,53111,"{}",0,0,"{}","{}"
83575.jpg,90199,"{}",0,0,"{}","{}"
83707.jpg,62049,"{}",0,0,"{}","{}"
83740.jpg,90153,"{}",0,0,"{}","{}"
83984.jpg,52864,"{}",1,0,"{""name"":""rect"",""x"":264,""y"":30,""width"":61,""height"":85}","{""Obama"":""1""}"
83987.jpg,78359,"{}",0,0,"{}","{}"
84244.jpg,71212,"{}",0,0,"{}","{}"
84509.jpg,129065,"{}",0,0,"{}","{}"
85334.jpg,67787,"{}",0,0,"{}","{}"
85699.jpg,66475,"{}",0,0,"{}","{}"
85709.jpg,78961,"{}",0,0,"{}","{}"
85799.jpg,80193,"{}",1,0,"{""name"":""rect"",""x"":359,""y"":221,""width"":68,""height"":99}","{""Obama"":""1""}"
86632.jpg,68775,"{}",0,0,"{}","{}"
87028.jpg,56811,"{}",0,0,"{}","{}"
87176.jpg,52181,"{}",0,0,"{}","{}"
87522.jpg,65099,"{}",6,0,"{""name"":""rect"",""x"":19,""y"":77,""width"":179,""height"":118}","{""Elephant"":""1""}"
87522.jpg,65099,"{}",6,1,"{""name"":""rect"",""x"":220,""y"":66,""width"":137,""height"":142}","{""Elephant"":""1""}"
87522.jpg,65099,"{}",6,2,"{""name"":""rect"",""x"":406,""y"":84,""width"":182,""height"":99}","{""Elephant"":""1""}"
87522.jpg,65099,"{}",6,3,"{""name"":""rect"",""x"":3,""y"":269,""width"":181,""height"":139}","{""Elephant"":""1""}"
87522.jpg,65099,"{}",6,4,"{""name"":""rect"",""x"":210,""y"":281,""width"":206,""height"":132}","{""Elephant"":""1""}"
87522.jpg,65099,"{}",6,5,"{""name"":""rect"",""x"":419,""y"":285,""width"":162,""height"":129}","{""Elephant"":""1""}"
87580.jpg,64851,"{}",0,0,"{}","{}"
87810.jpg,59866,"{}",1,0,"{""name"":""rect"",""x"":389,""y"":211,""width"":58,""height"":63}","{""Obama"":""1""}"
87858.jpg,103531,"{}",0,0,"{}","{}"
88095.jpg,87392,"{}",0,0,"{}","{}"
88148.jpg,70875,"{}",0,0,"{}","{}"
88322.jpg,82223,"{}",0,0,"{}","{}"
88551.jpg,84414,"{}",0,0,"{}","{}"
88719.jpg,84924,"{}",1,0,"{""name"":""rect"",""x"":200,""y"":84,""width"":70,""height"":133}","{""Obama"":""1""}"
89183.jpg,58236,"{}",0,0,"{}","{}"
89188.jpg,71718,"{}",0,0,"{}","{}"
89293.jpg,85655,"{}",0,0,"{}","{}"
89528.jpg,47688,"{}",1,0,"{""name"":""rect"",""x"":78,""y"":147,""width"":141,""height"":231}","{""Obama"":""1""}"
89530.jpg,79913,"{}",0,0,"{}","{}"
89712.jpg,76418,"{}",0,0,"{}","{}"
89882.jpg,60803,"{}",0,0,"{}","{}"
89883.jpg,92099,"{}",3,0,"{""name"":""rect"",""x"":240,""y"":244,""width"":106,""height"":117}","{""Elephant"":""1""}"
89883.jpg,92099,"{}",3,1,"{""name"":""rect"",""x"":330,""y"":220,""width"":88,""height"":106}","{""Elephant"":""1""}"
89883.jpg,92099,"{}",3,2,"{""name"":""rect"",""x"":436,""y"":241,""width"":92,""height"":101}","{""Elephant"":""1""}"
90070.jpg,70697,"{}",0,0,"{}","{}"
90110.jpg,88998,"{}",0,0,"{}","{}"
90244.jpg,78124,"{}",0,0,"{}","{}"
90487.jpg,86179,"{}",0,0,"{}","{}"
90552.jpg,71470,"{}",0,0,"{}","{}"
90636.jpg,79073,"{}",0,0,"{}","{}"
90654.jpg,69748,"{}",0,0,"{}","{}"
90964.jpg,59397,"{}",0,0,"{}","{}"
91164.jpg,149930,"{}",0,0,"{}","{}"
91302.jpg,100642,"{}",4,0,"{""name"":""rect"",""x"":35,""y"":75,""width"":68,""height"":97}","{""Obama"":""1""}"
91302.jpg,100642,"{}",4,1,"{""name"":""rect"",""x"":444,""y"":122,""width"":63,""height"":93}","{""Obama"":""1""}"
91302.jpg,100642,"{}",4,2,"{""name"":""rect"",""x"":29,""y"":313,""width"":60,""height"":103}","{""Obama"":""1""}"
91302.jpg,100642,"{}",4,3,"{""name"":""rect"",""x"":317,""y"":326,""width"":71,""height"":95}","{""Obama"":""1""}"
91545.jpg,61179,"{}",0,0,"{}","{}"
91554.jpg,49777,"{}",1,0,"{""name"":""rect"",""x"":146,""y"":31,""width"":199,""height"":218}","{""Obama"":""1""}"
91942.jpg,76646,"{}",2,0,"{""name"":""rect"",""x"":10,""y"":70,""width"":168,""height"":106}","{""Elephant"":""1""}"
91942.jpg,76646,"{}",2,1,"{""name"":""rect"",""x"":189,""y"":174,""width"":133,""height"":146}","{""Obama"":""1""}"
92096.jpg,47581,"{}",0,0,"{}","{}"
92137.jpg,82762,"{}",0,0,"{}","{}"
92272.jpg,65066,"{}",0,0,"{}","{}"
92377.jpg,81777,"{}",0,0,"{}","{}"
93010.jpg,50016,"{}",0,0,"{}","{}"
93034.jpg,49330,"{}",0,0,"{}","{}"
93040.jpg,75737,"{}",0,0,"{}","{}"
93272.jpg,100225,"{}",0,0,"{}","{}"
93279.jpg,74043,"{}",0,0,"{}","{}"
93494.jpg,42602,"{}",0,0,"{}","{}"
93983.jpg,54089,"{}",0,0,"{}","{}"
94018.jpg,104024,"{}",0,0,"{}","{}"
94150.jpg,133240,"{}",6,0,"{""name"":""rect"",""x"":47,""y"":58,""width"":126,""height"":140}","{""Elephant"":""1""}"
94150.jpg,133240,"{}",6,1,"{""name"":""rect"",""x"":248,""y"":22,""width"":128,""height"":91}","{""Elephant"":""1""}"
94150.jpg,133240,"{}",6,2,"{""name"":""rect"",""x"":410,""y"":83,""width"":70,""height"":91}","{""Elephant"":""1""}"
94150.jpg,133240,"{}",6,3,"{""name"":""rect"",""x"":44,""y"":271,""width"":130,""height"":104}","{""Elephant"":""1""}"
94150.jpg,133240,"{}",6,4,"{""name"":""rect"",""x"":265,""y"":338,""width"":101,""height"":52}","{""Elephant"":""1""}"
94150.jpg,133240,"{}",6,5,"{""name"":""rect"",""x"":420,""y"":303,""width"":102,""height"":111}","{""Elephant"":""1""}"
94169.jpg,86611,"{}",0,0,"{}","{}"
94520.jpg,96417,"{}",0,0,"{}","{}"
94778.jpg,48125,"{}",0,0,"{}","{}"
94829.jpg,94917,"{}",0,0,"{}","{}"
95483.jpg,62713,"{}",0,0,"{}","{}"
96207.jpg,42167,"{}",0,0,"{}","{}"
96733.jpg,63818,"{}",0,0,"{}","{}"
97169.jpg,81730,"{}",1,0,"{""name"":""rect"",""x"":380,""y"":18,""width"":114,""height"":160}","{""Uncle Sam"":""1""}"
97384.jpg,57328,"{}",0,0,"{}","{}"
97843.jpg,50510,"{}",1,0,"{""name"":""rect"",""x"":104,""y"":227,""width"":108,""height"":106}","{""Elephant"":""1""}"
97999.jpg,35416,"{}",0,0,"{}","{}"
98313.jpg,84848,"{}",0,0,"{}","{}"
98338.jpg,68454,"{}",1,0,"{""name"":""rect"",""x"":357,""y"":48,""width"":165,""height"":118}","{""Elephant"":""1""}"
98613.jpg,74388,"{}",1,0,"{""name"":""rect"",""x"":264,""y"":135,""width"":90,""height"":112}","{""Uncle Sam"":""1""}"
98695.jpg,71886,"{}",2,0,"{""name"":""rect"",""x"":124,""y"":170,""width"":142,""height"":93}","{""Elephant"":""1""}"
98695.jpg,71886,"{}",2,1,"{""name"":""rect"",""x"":66,""y"":103,""width"":97,""height"":79}","{""Trump"":""1""}"
98859.jpg,65917,"{}",1,0,"{""name"":""rect"",""x"":38,""y"":302,""width"":91,""height"":64}","{""Elephant"":""1""}"
99131.jpg,79127,"{}",0,0,"{}","{}"
99661.jpg,82135,"{}",0,0,"{}","{}"
100357.jpg,94492,"{}",0,0,"{}","{}"
100381.jpg,75778,"{}",0,0,"{}","{}"
100555.jpg,48623,"{}",0,0,"{}","{}"
100948.jpg,75505,"{}",3,0,"{""name"":""rect"",""x"":43,""y"":86,""width"":95,""height"":128}","{""Obama"":""1""}"
100948.jpg,75505,"{}",3,1,"{""name"":""rect"",""x"":192,""y"":85,""width"":165,""height"":140}","{""Elephant"":""1""}"
100948.jpg,75505,"{}",3,2,"{""name"":""rect"",""x"":450,""y"":37,""width"":94,""height"":142}","{""Donkey"":""1""}"
101195.jpg,125099,"{}",0,0,"{}","{}"
101811.jpg,54596,"{}",1,0,"{""name"":""rect"",""x"":11,""y"":70,""width"":249,""height"":273}","{""Donkey"":""1""}"
102341.jpg,54311,"{}",1,0,"{""name"":""rect"",""x"":136,""y"":36,""width"":51,""height"":65}","{""Obama"":""1""}"
103203.jpg,94058,"{}",2,0,"{""name"":""rect"",""x"":39,""y"":148,""width"":78,""height"":109}","{""Uncle Sam"":""1""}"
103203.jpg,94058,"{}",2,1,"{""name"":""rect"",""x"":213,""y"":130,""width"":43,""height"":79}","{""Obama"":""1""}"
103674.jpg,69474,"{}",0,0,"{}","{}"
103696.jpg,99769,"{}",2,0,"{""name"":""rect"",""x"":341,""y"":606,""width"":110,""height"":105}","{""Elephant"":""1""}"
103696.jpg,99769,"{}",2,1,"{""name"":""rect"",""x"":435,""y"":612,""width"":108,""height"":105}","{""Elephant"":""1""}"
103735.jpg,84447,"{}",0,0,"{}","{}"
103769.jpg,113698,"{}",0,0,"{}","{}"
103989.jpg,62316,"{}",0,0,"{}","{}"
104164.jpg,109722,"{}",0,0,"{}","{}"
104448.jpg,59698,"{}",0,0,"{}","{}"
104729.jpg,79513,"{}",1,0,"{""name"":""rect"",""x"":134,""y"":149,""width"":105,""height"":169}","{""Obama"":""1""}"
104802.jpg,152524,"{}",0,0,"{}","{}"
105029.jpg,86279,"{}",0,0,"{}","{}"
105069.jpg,76497,"{}",0,0,"{}","{}"
105224.jpg,72944,"{}",0,0,"{}","{}"
105388.jpg,63275,"{}",0,0,"{}","{}"
105562.jpg,77254,"{}",0,0,"{}","{}"
105695.jpg,75788,"{}",0,0,"{}","{}"
105835.jpg,100029,"{}",0,0,"{}","{}"
106063.jpg,79751,"{}",0,0,"{}","{}"
106071.jpg,74121,"{}",0,0,"{}","{}"
106260.jpg,75567,"{}",0,0,"{}","{}"
106462.jpg,64710,"{}",1,0,"{""name"":""rect"",""x"":104,""y"":93,""width"":105,""height"":160}","{""Uncle Sam"":""1""}"
106534.jpg,62268,"{}",2,0,"{""name"":""rect"",""x"":138,""y"":285,""width"":72,""height"":75}","{""Donkey"":""1""}"
106534.jpg,62268,"{}",2,1,"{""name"":""rect"",""x"":415,""y"":189,""width"":96,""height"":83}","{""Elephant"":""1""}"
106595.jpg,96681,"{}",0,0,"{}","{}"
106936.jpg,52027,"{}",0,0,"{}","{}"
107394.jpg,45443,"{}",0,0,"{}","{}"
107572.jpg,65067,"{}",2,0,"{""name"":""rect"",""x"":346,""y"":196,""width"":40,""height"":54}","{""Obama"":""1""}"
107572.jpg,65067,"{}",2,1,"{""name"":""rect"",""x"":448,""y"":206,""width"":39,""height"":57}","{""Uncle Sam"":""1""}"
107638.jpg,42944,"{}",0,0,"{}","{}"
107641.jpg,66556,"{}",0,0,"{}","{}"
107841.jpg,79219,"{}",1,0,"{""name"":""rect"",""x"":216,""y"":52,""width"":101,""height"":130}","{""Obama"":""1""}"
108456.jpg,109658,"{}",0,0,"{}","{}"
108603.jpg,77324,"{}",0,0,"{}","{}"
108855.jpg,63218,"{}",0,0,"{}","{}"
108949.jpg,75724,"{}",3,0,"{""name"":""rect"",""x"":45,""y"":10,""width"":67,""height"":162}","{""Uncle Sam"":""1""}"
108949.jpg,75724,"{}",3,1,"{""name"":""rect"",""x"":347,""y"":10,""width"":66,""height"":164}","{""Uncle Sam"":""1""}"
108949.jpg,75724,"{}",3,2,"{""name"":""rect"",""x"":328,""y"":215,""width"":92,""height"":190}","{""Uncle Sam"":""1""}"
109041.jpg,74103,"{}",0,0,"{}","{}"
109043.jpg,60496,"{}",0,0,"{}","{}"
109135.jpg,74644,"{}",0,0,"{}","{}"
109185.jpg,47789,"{}",0,0,"{}","{}"
109233.jpg,102091,"{}",0,0,"{}","{}"
109336.jpg,87748,"{}",0,0,"{}","{}"
109717.jpg,80003,"{}",1,0,"{""name"":""rect"",""x"":340,""y"":178,""width"":241,""height"":215}","{""Elephant"":""1""}"
109850.jpg,62759,"{}",1,0,"{""name"":""rect"",""x"":130,""y"":32,""width"":169,""height"":119}","{""Elephant"":""1""}"
109883.jpg,55666,"{}",0,0,"{}","{}"
110027.jpg,79049,"{}",0,0,"{}","{}"
110118.jpg,112071,"{}",0,0,"{}","{}"
110390.jpg,30017,"{}",0,0,"{}","{}"
110943.jpg,108788,"{}",0,0,"{}","{}"
110984.jpg,94366,"{}",0,0,"{}","{}"
111075.jpg,95105,"{}",0,0,"{}","{}"
111257.jpg,101445,"{}",0,0,"{}","{}"
111489.jpg,77537,"{}",0,0,"{}","{}"
111731.jpg,57028,"{}",0,0,"{}","{}"
111873.jpg,64496,"{}",0,0,"{}","{}"
111996.jpg,85041,"{}",0,0,"{}","{}"
112074.jpg,71282,"{}",0,0,"{}","{}"
112379.jpg,42864,"{}",0,0,"{}","{}"
112679.jpg,54211,"{}",0,0,"{}","{}"
112775.jpg,88820,"{}",0,0,"{}","{}"
113286.jpg,52047,"{}",0,0,"{}","{}"
113328.jpg,61675,"{}",0,0,"{}","{}"
113371.jpg,79292,"{}",0,0,"{}","{}"
113702.jpg,132602,"{}",1,0,"{""name"":""rect"",""x"":95,""y"":174,""width"":77,""height"":112}","{""Obama"":""1""}"
113958.jpg,71573,"{}",1,0,"{""name"":""rect"",""x"":264,""y"":152,""width"":71,""height"":117}","{""Obama"":""1""}"
114011.jpg,80033,"{}",0,0,"{}","{}"
114050.jpg,103644,"{}",2,0,"{""name"":""rect"",""x"":308,""y"":177,""width"":90,""height"":121}","{""Obama"":""1""}"
114050.jpg,103644,"{}",2,1,"{""name"":""rect"",""x"":472,""y"":176,""width"":115,""height"":177}","{""Donkey"":""1""}"
114464.jpg,65020,"{}",6,0,"{""name"":""rect"",""x"":91,""y"":139,""width"":51,""height"":42}","{""Elephant"":""1""}"
114464.jpg,65020,"{}",6,1,"{""name"":""rect"",""x"":89,""y"":207,""width"":54,""height"":47}","{""Elephant"":""1""}"
114464.jpg,65020,"{}",6,2,"{""name"":""rect"",""x"":270,""y"":159,""width"":57,""height"":43}","{""Elephant"":""1""}"
114464.jpg,65020,"{}",6,3,"{""name"":""rect"",""x"":273,""y"":235,""width"":64,""height"":42}","{""Elephant"":""1""}"
114464.jpg,65020,"{}",6,4,"{""name"":""rect"",""x"":457,""y"":124,""width"":57,""height"":43}","{""Elephant"":""1""}"
114464.jpg,65020,"{}",6,5,"{""name"":""rect"",""x"":459,""y"":200,""width"":57,""height"":41}","{""Elephant"":""1""}"
114610.jpg,51316,"{}",4,0,"{""name"":""rect"",""x"":226,""y"":65,""width"":38,""height"":54}","{""Obama"":""1""}"
114610.jpg,51316,"{}",4,1,"{""name"":""rect"",""x"":529,""y"":63,""width"":35,""height"":57}","{""Obama"":""1""}"
114610.jpg,51316,"{}",4,2,"{""name"":""rect"",""x"":225,""y"":296,""width"":36,""height"":55}","{""Obama"":""1""}"
114610.jpg,51316,"{}",4,3,"{""name"":""rect"",""x"":507,""y"":300,""width"":40,""height"":51}","{""Obama"":""1""}"
114613.jpg,60715,"{}",2,0,"{""name"":""rect"",""x"":90,""y"":33,""width"":171,""height"":206}","{""Obama"":""1""}"
114613.jpg,60715,"{}",2,1,"{""name"":""rect"",""x"":405,""y"":121,""width"":83,""height"":129}","{""Donkey"":""1""}"
114781.jpg,86643,"{}",0,0,"{}","{}"
114818.jpg,22669,"{}",0,0,"{}","{}"
115207.jpg,46699,"{}",1,0,"{""name"":""rect"",""x"":94,""y"":7,""width"":120,""height"":146}","{""Donkey"":""1""}"
115293.jpg,59396,"{}",0,0,"{}","{}"
115593.jpg,58420,"{}",0,0,"{}","{}"
115803.jpg,71600,"{}",1,0,"{""name"":""rect"",""x"":356,""y"":140,""width"":78,""height"":126}","{""Obama"":""1""}"
115826.jpg,88358,"{}",0,0,"{}","{}"
116601.jpg,65677,"{}",2,0,"{""name"":""rect"",""x"":206,""y"":104,""width"":33,""height"":57}","{""Uncle Sam"":""1""}"
116601.jpg,65677,"{}",2,1,"{""name"":""rect"",""x"":374,""y"":97,""width"":49,""height"":58}","{""Obama"":""1""}"
117123.jpg,40656,"{}",0,0,"{}","{}"
117220.jpg,67655,"{}",0,0,"{}","{}"
117452.jpg,77760,"{}",0,0,"{}","{}"
117750.jpg,44099,"{}",0,0,"{}","{}"
117752.jpg,82000,"{}",0,0,"{}","{}"
117811.jpg,91484,"{}",0,0,"{}","{}"
117865.jpg,73692,"{}",0,0,"{}","{}"
117877.jpg,65701,"{}",1,0,"{""name"":""rect"",""x"":53,""y"":136,""width"":135,""height"":146}","{""Obama"":""1""}"
117969.jpg,54310,"{}",0,0,"{}","{}"
118091.jpg,71952,"{}",0,0,"{}","{}"
118160.jpg,85794,"{}",0,0,"{}","{}"
118304.jpg,65616,"{}",2,0,"{""name"":""rect"",""x"":121,""y"":114,""width"":96,""height"":125}","{""Donkey"":""1""}"
118304.jpg,65616,"{}",2,1,"{""name"":""rect"",""x"":459,""y"":29,""width"":71,""height"":49}","{""Elephant"":""1""}"
118689.jpg,85829,"{}",0,0,"{}","{}"
119135.jpg,55918,"{}",0,0,"{}","{}"
119215.jpg,71859,"{}",0,0,"{}","{}"
119433.jpg,103335,"{}",0,0,"{}","{}"
119671.jpg,74883,"{}",0,0,"{}","{}"
120105.jpg,70902,"{}",1,0,"{""name"":""rect"",""x"":392,""y"":79,""width"":55,""height"":78}","{""Obama"":""1""}"
120239.jpg,75789,"{}",1,0,"{""name"":""rect"",""x"":277,""y"":148,""width"":88,""height"":112}","{""Obama"":""1""}"
120307.jpg,78475,"{}",0,0,"{}","{}"
120478.jpg,82966,"{}",0,0,"{}","{}"
120527.jpg,46707,"{}",0,0,"{}","{}"
120722.jpg,72568,"{}",0,0,"{}","{}"
120743.jpg,61368,"{}",1,0,"{""name"":""rect"",""x"":21,""y"":70,""width"":223,""height"":144}","{""Elephant"":""1""}"
120938.jpg,116167,"{}",0,0,"{}","{}"
121718.jpg,43315,"{}",0,0,"{}","{}"
121784.jpg,87519,"{}",0,0,"{}","{}"
121966.jpg,65538,"{}",1,0,"{""name"":""rect"",""x"":361,""y"":49,""width"":97,""height"":119}","{""Obama"":""1""}"
121967.jpg,68279,"{}",0,0,"{}","{}"
122243.jpg,88700,"{}",0,0,"{}","{}"
122447.jpg,73814,"{}",1,0,"{""name"":""rect"",""x"":373,""y"":171,""width"":91,""height"":119}","{""Obama"":""1""}"
122524.jpg,78074,"{}",1,0,"{""name"":""rect"",""x"":85,""y"":69,""width"":92,""height"":152}","{""Obama"":""1""}"
122629.jpg,81214,"{}",0,0,"{}","{}"
122737.jpg,71646,"{}",0,0,"{}","{}"
122769.jpg,61394,"{}",0,0,"{}","{}"
122879.jpg,87568,"{}",2,0,"{""name"":""rect"",""x"":247,""y"":187,""width"":138,""height"":121}","{""Elephant"":""1""}"
122879.jpg,87568,"{}",2,1,"{""name"":""rect"",""x"":406,""y"":150,""width"":152,""height"":151}","{""Elephant"":""1""}"
122937.jpg,92862,"{}",0,0,"{}","{}"
123021.jpg,46642,"{}",0,0,"{}","{}"
123195.jpg,60577,"{}",0,0,"{}","{}"
123477.jpg,67427,"{}",1,0,"{""name"":""rect"",""x"":183,""y"":84,""width"":191,""height"":184}","{""Obama"":""1""}"
123480.jpg,52896,"{}",0,0,"{}","{}"
123535.jpg,80665,"{}",0,0,"{}","{}"
123592.jpg,99892,"{}",1,0,"{""name"":""rect"",""x"":200,""y"":210,""width"":75,""height"":119}","{""Uncle Sam"":""1""}"
123943.jpg,74882,"{}",0,0,"{}","{}"
124338.jpg,88407,"{}",0,0,"{}","{}"
124752.jpg,102159,"{}",0,0,"{}","{}"
124887.jpg,78649,"{}",0,0,"{}","{}"
125053.jpg,44482,"{}",1,0,"{""name"":""rect"",""x"":272,""y"":232,""width"":59,""height"":51}","{""Elephant"":""1""}"
125266.jpg,43492,"{}",0,0,"{}","{}"
125290.jpg,62176,"{}",0,0,"{}","{}"
125547.jpg,55475,"{}",1,0,"{""name"":""rect"",""x"":74,""y"":102,""width"":245,""height"":242}","{""Elephant"":""1""}"
126147.jpg,39619,"{}",0,0,"{}","{}"
126176.jpg,114666,"{}",0,0,"{}","{}"
126259.jpg,51459,"{}",3,0,"{""name"":""rect"",""x"":21,""y"":301,""width"":109,""height"":136}","{""Elephant"":""1""}"
126259.jpg,51459,"{}",3,1,"{""name"":""rect"",""x"":119,""y"":301,""width"":98,""height"":132}","{""Elephant"":""1""}"
126259.jpg,51459,"{}",3,2,"{""name"":""rect"",""x"":176,""y"":129,""width"":78,""height"":123}","{""Donkey"":""1""}"
126455.jpg,107104,"{}",0,0,"{}","{}"
126930.jpg,69196,"{}",0,0,"{}","{}"
126951.jpg,95622,"{}",0,0,"{}","{}"
126953.jpg,82182,"{}",0,0,"{}","{}"
127074.jpg,98501,"{}",0,0,"{}","{}"
127510.jpg,83872,"{}",1,0,"{""name"":""rect"",""x"":319,""y"":165,""width"":69,""height"":98}","{""Uncle Sam"":""1""}"
127698.jpg,71402,"{}",0,0,"{}","{}"
127986.jpg,80376,"{}",2,0,"{""name"":""rect"",""x"":187,""y"":201,""width"":61,""height"":92}","{""Obama"":""1""}"
127986.jpg,80376,"{}",2,1,"{""name"":""rect"",""x"":358,""y"":140,""width"":184,""height"":166}","{""Elephant"":""1""}"
128026.jpg,91714,"{}",0,0,"{}","{}"
128369.jpg,63818,"{}",0,0,"{}","{}"
128602.jpg,60305,"{}",0,0,"{}","{}"
128773.jpg,55243,"{}",1,0,"{""name"":""rect"",""x"":93,""y"":56,""width"":101,""height"":270}","{""Uncle Sam"":""1""}"
129055.jpg,66825,"{}",1,0,"{""name"":""rect"",""x"":477,""y"":105,""width"":91,""height"":142}","{""Donkey"":""1""}"
129144.jpg,56176,"{}",0,0,"{}","{}"
130499.jpg,74356,"{}",0,0,"{}","{}"
130601.jpg,63134,"{}",2,0,"{""name"":""rect"",""x"":34,""y"":180,""width"":75,""height"":105}","{""Obama"":""1""}"
130601.jpg,63134,"{}",2,1,"{""name"":""rect"",""x"":308,""y"":140,""width"":149,""height"":142}","{""Elephant"":""1""}"
130611.jpg,95174,"{}",0,0,"{}","{}"
130952.jpg,89700,"{}",0,0,"{}","{}"
131282.jpg,59899,"{}",1,0,"{""name"":""rect"",""x"":141,""y"":171,""width"":114,""height"":138}","{""Obama"":""1""}"
131491.jpg,94539,"{}",0,0,"{}","{}"
131748.jpg,36188,"{}",0,0,"{}","{}"
131994.jpg,34169,"{}",0,0,"{}","{}"
132120.jpg,64149,"{}",0,0,"{}","{}"
132134.jpg,79327,"{}",0,0,"{}","{}"
132372.jpg,62022,"{}",0,0,"{}","{}"
132398.jpg,40638,"{}",0,0,"{}","{}"
132442.jpg,90270,"{}",0,0,"{}","{}"
132576.jpg,91709,"{}",0,0,"{}","{}"
132736.jpg,23897,"{}",0,0,"{}","{}"
133190.jpg,51942,"{}",0,0,"{}","{}"
133342.jpg,48241,"{}",1,0,"{""name"":""rect"",""x"":156,""y"":97,""width"":122,""height"":147}","{""Obama"":""1""}"
133518.jpg,53302,"{}",0,0,"{}","{}"
133519.jpg,87310,"{}",0,0,"{}","{}"
133670.jpg,104220,"{}",0,0,"{}","{}"
133918.jpg,51177,"{}",0,0,"{}","{}"
134054.jpg,31023,"{}",0,0,"{}","{}"
134353.jpg,76865,"{}",0,0,"{}","{}"
134360.jpg,58452,"{}",0,0,"{}","{}"
134665.jpg,63528,"{}",0,0,"{}","{}"
134857.jpg,78583,"{}",0,0,"{}","{}"
134973.jpg,54107,"{}",0,0,"{}","{}"
135057.jpg,36464,"{}",0,0,"{}","{}"
135152.jpg,34588,"{}",0,0,"{}","{}"
135345.jpg,68929,"{}",0,0,"{}","{}"
135596.jpg,30370,"{}",0,0,"{}","{}"
135666.jpg,92859,"{}",1,0,"{""name"":""rect"",""x"":311,""y"":140,""width"":96,""height"":131}","{""Uncle Sam"":""1""}"
135775.jpg,51274,"{}",0,0,"{}","{}"
136455.jpg,72490,"{}",0,0,"{}","{}"
136475.jpg,47784,"{}",0,0,"{}","{}"
136793.jpg,84782,"{}",0,0,"{}","{}"
136824.jpg,33581,"{}",1,0,"{""name"":""rect"",""x"":89,""y"":139,""width"":105,""height"":144}","{""Clinton"":""1""}"
136889.jpg,117527,"{}",3,0,"{""name"":""rect"",""x"":77,""y"":23,""width"":100,""height"":109}","{""Elephant"":""1""}"
136889.jpg,117527,"{}",3,1,"{""name"":""rect"",""x"":451,""y"":49,""width"":100,""height"":65}","{""Elephant"":""1""}"
136889.jpg,117527,"{}",3,2,"{""name"":""rect"",""x"":420,""y"":144,""width"":82,""height"":92}","{""Elephant"":""1""}"
136967.jpg,80801,"{}",0,0,"{}","{}"
136976.jpg,68240,"{}",0,0,"{}","{}"
137152.jpg,76302,"{}",4,0,"{""name"":""rect"",""x"":107,""y"":118,""width"":61,""height"":85}","{""Obama"":""1""}"
137152.jpg,76302,"{}",4,1,"{""name"":""rect"",""x"":433,""y"":190,""width"":94,""height"":76}","{""Obama"":""1""}"
137152.jpg,76302,"{}",4,2,"{""name"":""rect"",""x"":55,""y"":111,""width"":61,""height"":81}","{""Donkey"":""1""}"
137152.jpg,76302,"{}",4,3,"{""name"":""rect"",""x"":266,""y"":163,""width"":80,""height"":100}","{""Donkey"":""1""}"
137205.jpg,69962,"{}",0,0,"{}","{}"
137276.jpg,68238,"{}",0,0,"{}","{}"
137422.jpg,28377,"{}",0,0,"{}","{}"
137636.jpg,55607,"{}",0,0,"{}","{}"
137707.jpg,47717,"{}",0,0,"{}","{}"
137717.jpg,79710,"{}",0,0,"{}","{}"
137826.jpg,77039,"{}",0,0,"{}","{}"
138145.jpg,77196,"{}",0,0,"{}","{}"
138261.jpg,104787,"{}",0,0,"{}","{}"
138493.jpg,52669,"{}",0,0,"{}","{}"
138810.jpg,61072,"{}",0,0,"{}","{}"
138850.jpg,60643,"{}",0,0,"{}","{}"
138916.jpg,53459,"{}",0,0,"{}","{}"
138996.jpg,46212,"{}",0,0,"{}","{}"
139401.jpg,76228,"{}",0,0,"{}","{}"
139481.jpg,74657,"{}",1,0,"{""name"":""rect"",""x"":290,""y"":198,""width"":77,""height"":112}","{""Obama"":""1""}"
139502.jpg,54529,"{}",0,0,"{}","{}"
139548.jpg,77782,"{}",0,0,"{}","{}"
139610.jpg,53248,"{}",0,0,"{}","{}"
139645.jpg,90697,"{}",0,0,"{}","{}"
140234.jpg,51911,"{}",0,0,"{}","{}"
140284.jpg,93161,"{}",3,0,"{""name"":""rect"",""x"":127,""y"":99,""width"":71,""height"":127}","{""Donkey"":""1""}"
140284.jpg,93161,"{}",3,1,"{""name"":""rect"",""x"":206,""y"":76,""width"":44,""height"":153}","{""Donkey"":""1""}"
140284.jpg,93161,"{}",3,2,"{""name"":""rect"",""x"":354,""y"":154,""width"":175,""height"":140}","{""Clinton"":""1""}"
140345.jpg,46022,"{}",0,0,"{}","{}"
140661.jpg,119033,"{}",0,0,"{}","{}"
140690.jpg,86526,"{}",1,0,"{""name"":""rect"",""x"":402,""y"":178,""width"":105,""height"":101}","{""Clinton"":""1""}"
140871.jpg,89979,"{}",0,0,"{}","{}"
140906.jpg,37787,"{}",0,0,"{}","{}"
141227.jpg,82613,"{}",0,0,"{}","{}"
141287.jpg,65803,"{}",0,0,"{}","{}"
141584.jpg,123958,"{}",0,0,"{}","{}"
141601.jpg,93824,"{}",0,0,"{}","{}"
141606.jpg,94613,"{}",0,0,"{}","{}"
141839.jpg,62584,"{}",1,0,"{""name"":""rect"",""x"":90,""y"":130,""width"":85,""height"":87}","{""Clinton"":""1""}"
141912.jpg,66969,"{}",0,0,"{}","{}"
142213.jpg,81762,"{}",0,0,"{}","{}"
142327.jpg,103777,"{}",1,0,"{""name"":""rect"",""x"":390,""y"":236,""width"":199,""height"":152}","{""Elephant"":""1""}"
142594.jpg,65410,"{}",0,0,"{}","{}"
142671.jpg,69309,"{}",1,0,"{""name"":""rect"",""x"":422,""y"":236,""width"":60,""height"":71}","{""Trump"":""1""}"
143190.jpg,83857,"{}",0,0,"{}","{}"
143251.jpg,74598,"{}",1,0,"{""name"":""rect"",""x"":181,""y"":151,""width"":53,""height"":100}","{""Obama"":""1""}"
143612.jpg,45581,"{}",0,0,"{}","{}"
143685.jpg,65119,"{}",1,0,"{""name"":""rect"",""x"":21,""y"":123,""width"":148,""height"":137}","{""Clinton"":""1""}"
143713.jpg,84598,"{}",1,0,"{""name"":""rect"",""x"":45,""y"":35,""width"":189,""height"":228}","{""Trump"":""1""}"
143716.jpg,60671,"{}",0,0,"{}","{}"
143808.jpg,48262,"{}",0,0,"{}","{}"
144108.jpg,97866,"{}",1,0,"{""name"":""rect"",""x"":398,""y"":53,""width"":52,""height"":85}","{""Uncle Sam"":""1""}"
144289.jpg,76851,"{}",0,0,"{}","{}"
144459.jpg,47436,"{}",1,0,"{""name"":""rect"",""x"":245,""y"":94,""width"":92,""height"":126}","{""Elephant"":""1""}"
144561.jpg,92171,"{}",0,0,"{}","{}"
144763.jpg,53480,"{}",0,0,"{}","{}"
144818.jpg,76940,"{}",1,0,"{""name"":""rect"",""x"":450,""y"":1,""width"":62,""height"":62}","{""Trump"":""1""}"
144967.jpg,59871,"{}",1,0,"{""name"":""rect"",""x"":242,""y"":101,""width"":53,""height"":74}","{""Trump"":""1""}"
145198.jpg,48954,"{}",0,0,"{}","{}"
145575.jpg,74605,"{}",0,0,"{}","{}"
145606.jpg,72216,"{}",2,0,"{""name"":""rect"",""x"":2,""y"":154,""width"":357,""height"":228}","{""Elephant"":""1""}"
145606.jpg,72216,"{}",2,1,"{""name"":""rect"",""x"":353,""y"":53,""width"":244,""height"":222}","{""Donkey"":""1""}"
145621.jpg,55487,"{}",0,0,"{}","{}"
145643.jpg,79103,"{}",0,0,"{}","{}"
145684.jpg,63509,"{}",0,0,"{}","{}"
145695.jpg,69373,"{}",0,0,"{}","{}"
145736.jpg,61712,"{}",0,0,"{}","{}"
145765.jpg,69632,"{}",1,0,"{""name"":""rect"",""x"":105,""y"":120,""width"":184,""height"":235}","{""Elephant"":""1""}"
145785.jpg,64970,"{}",0,0,"{}","{}"
146071.jpg,99743,"{}",0,0,"{}","{}"
146430.jpg,113746,"{}",0,0,"{}","{}"
146516.jpg,34784,"{}",0,0,"{}","{}"
146602.jpg,60772,"{}",0,0,"{}","{}"
146710.jpg,48481,"{}",1,0,"{""name"":""rect"",""x"":404,""y"":294,""width"":66,""height"":68}","{""Clinton"":""1""}"
147077.jpg,45419,"{}",0,0,"{}","{}"
147256.jpg,47784,"{}",0,0,"{}","{}"
147844.jpg,88199,"{}",0,0,"{}","{}"
148115.jpg,65635,"{}",0,0,"{}","{}"
148484.jpg,61062,"{}",0,0,"{}","{}"
148674.jpg,60219,"{}",0,0,"{}","{}"
149174.jpg,100477,"{}",0,0,"{}","{}"
149480.jpg,63438,"{}",2,0,"{""name"":""rect"",""x"":27,""y"":179,""width"":179,""height"":226}","{""Clinton"":""1""}"
149480.jpg,63438,"{}",2,1,"{""name"":""rect"",""x"":273,""y"":191,""width"":140,""height"":165}","{""Clinton"":""1""}"
149540.jpg,62132,"{}",0,0,"{}","{}"
149701.jpg,78353,"{}",0,0,"{}","{}"
149859.jpg,106349,"{}",0,0,"{}","{}"
149902.jpg,58457,"{}",1,0,"{""name"":""rect"",""x"":312,""y"":68,""width"":169,""height"":163}","{""Clinton"":""1""}"
150010.jpg,41785,"{}",0,0,"{}","{}"
150073.jpg,67331,"{}",1,0,"{""name"":""rect"",""x"":283,""y"":98,""width"":117,""height"":124}","{""Clinton"":""1""}"
150339.jpg,62576,"{}",0,0,"{}","{}"
150445.jpg,61039,"{}",0,0,"{}","{}"
150451.jpg,59068,"{}",2,0,"{""name"":""rect"",""x"":301,""y"":118,""width"":101,""height"":122}","{""Obama"":""1""}"
150451.jpg,59068,"{}",2,1,"{""name"":""rect"",""x"":153,""y"":130,""width"":39,""height"":61}","{""Obama"":""1""}"
150454.jpg,30315,"{}",0,0,"{}","{}"
150480.jpg,61494,"{}",1,0,"{""name"":""rect"",""x"":57,""y"":112,""width"":180,""height"":156}","{""Trump"":""1""}"
150532.jpg,80392,"{}",0,0,"{}","{}"
150573.jpg,87298,"{}",0,0,"{}","{}"
150768.jpg,61647,"{}",1,0,"{""name"":""rect"",""x"":270,""y"":175,""width"":146,""height"":135}","{""Elephant"":""1""}"
150805.jpg,39505,"{}",0,0,"{}","{}"
150870.jpg,76833,"{}",0,0,"{}","{}"
151099.jpg,64412,"{}",0,0,"{}","{}"
151130.jpg,78165,"{}",0,0,"{}","{}"
151325.jpg,66440,"{}",0,0,"{}","{}"
151445.jpg,85108,"{}",8,0,"{""name"":""rect"",""x"":82,""y"":105,""width"":97,""height"":99}","{""Elephant"":""1""}"
151445.jpg,85108,"{}",8,1,"{""name"":""rect"",""x"":346,""y"":75,""width"":81,""height"":100}","{""Elephant"":""1""}"
151445.jpg,85108,"{}",8,2,"{""name"":""rect"",""x"":84,""y"":316,""width"":88,""height"":106}","{""Elephant"":""1""}"
151445.jpg,85108,"{}",8,3,"{""name"":""rect"",""x"":360,""y"":277,""width"":108,""height"":106}","{""Elephant"":""1""}"
151445.jpg,85108,"{}",8,4,"{""name"":""rect"",""x"":160,""y"":99,""width"":101,""height"":88}","{""Donkey"":""1""}"
151445.jpg,85108,"{}",8,5,"{""name"":""rect"",""x"":454,""y"":46,""width"":102,""height"":132}","{""Donkey"":""1""}"
151445.jpg,85108,"{}",8,6,"{""name"":""rect"",""x"":163,""y"":310,""width"":80,""height"":85}","{""Donkey"":""1""}"
151445.jpg,85108,"{}",8,7,"{""name"":""rect"",""x"":449,""y"":245,""width"":87,""height"":127}","{""Donkey"":""1""}"
151885.jpg,36904,"{}",1,0,"{""name"":""rect"",""x"":237,""y"":147,""width"":102,""height"":125}","{""Uncle Sam"":""1""}"
152240.jpg,48994,"{}",0,0,"{}","{}"
152288.jpg,56459,"{}",1,0,"{""name"":""rect"",""x"":175,""y"":27,""width"":172,""height"":214}","{""Clinton"":""1""}"
152314.jpg,68153,"{}",1,0,"{""name"":""rect"",""x"":157,""y"":118,""width"":97,""height"":77}","{""Trump"":""1""}"
152613.jpg,43288,"{}",0,0,"{}","{}"
152711.jpg,52976,"{}",0,0,"{}","{}"
152968.jpg,48809,"{}",0,0,"{}","{}"
152970.jpg,58883,"{}",3,0,"{""name"":""rect"",""x"":284,""y"":7,""width"":205,""height"":228}","{""Uncle Sam"":""1""}"
152970.jpg,58883,"{}",3,1,"{""name"":""rect"",""x"":133,""y"":194,""width"":58,""height"":51}","{""Trump"":""1""}"
152970.jpg,58883,"{}",3,2,"{""name"":""rect"",""x"":31,""y"":249,""width"":58,""height"":53}","{""Clinton"":""1""}"
153046.jpg,54998,"{}",2,0,"{""name"":""rect"",""x"":7,""y"":109,""width"":119,""height"":119}","{""Elephant"":""1""}"
153046.jpg,54998,"{}",2,1,"{""name"":""rect"",""x"":353,""y"":54,""width"":117,""height"":68}","{""Elephant"":""1""}"
153129.jpg,64258,"{}",0,0,"{}","{}"
153306.jpg,105571,"{}",0,0,"{}","{}"
153409.jpg,88406,"{}",0,0,"{}","{}"
153932.jpg,90287,"{}",0,0,"{}","{}"
154000.jpg,74128,"{}",2,0,"{""name"":""rect"",""x"":122,""y"":103,""width"":69,""height"":76}","{""Elephant"":""1""}"
154000.jpg,74128,"{}",2,1,"{""name"":""rect"",""x"":421,""y"":76,""width"":50,""height"":86}","{""Donkey"":""1""}"
154184.jpg,53561,"{}",0,0,"{}","{}"
154186.jpg,76882,"{}",0,0,"{}","{}"
154233.jpg,65393,"{}",2,0,"{""name"":""rect"",""x"":163,""y"":51,""width"":172,""height"":179}","{""Trump"":""1""}"
154233.jpg,65393,"{}",2,1,"{""name"":""rect"",""x"":405,""y"":82,""width"":160,""height"":151}","{""Clinton"":""1""}"
154537.jpg,65785,"{}",1,0,"{""name"":""rect"",""x"":74,""y"":170,""width"":111,""height"":112}","{""Trump"":""1""}"
154581.jpg,79684,"{}",1,0,"{""name"":""rect"",""x"":328,""y"":1,""width"":75,""height"":75}","{""Clinton"":""1""}"
154621.jpg,59331,"{}",0,0,"{}","{}"
154645.jpg,81444,"{}",1,0,"{""name"":""rect"",""x"":340,""y"":27,""width"":38,""height"":43}","{""Trump"":""1""}"
154958.jpg,47766,"{}",1,0,"{""name"":""rect"",""x"":295,""y"":266,""width"":75,""height"":82}","{""Clinton"":""1""}"
154994.jpg,91066,"{}",2,0,"{""name"":""rect"",""x"":63,""y"":173,""width"":158,""height"":149}","{""Elephant"":""1""}"
154994.jpg,91066,"{}",2,1,"{""name"":""rect"",""x"":416,""y"":160,""width"":105,""height"":137}","{""Donkey"":""1""}"
155104.jpg,19789,"{}",0,0,"{}","{}"
155215.jpg,94627,"{}",1,0,"{""name"":""rect"",""x"":73,""y"":233,""width"":51,""height"":65}","{""Obama"":""1""}"
155288.jpg,77777,"{}",1,0,"{""name"":""rect"",""x"":201,""y"":153,""width"":57,""height"":85}","{""Obama"":""1""}"
155760.jpg,42494,"{}",0,0,"{}","{}"
155893.jpg,98730,"{}",0,0,"{}","{}"
156164.jpg,60806,"{}",1,0,"{""name"":""rect"",""x"":442,""y"":134,""width"":109,""height"":128}","{""Trump"":""1""}"
156507.jpg,76700,"{}",0,0,"{}","{}"
156599.jpg,74498,"{}",2,0,"{""name"":""rect"",""x"":201,""y"":126,""width"":77,""height"":111}","{""Trump"":""1""}"
156599.jpg,74498,"{}",2,1,"{""name"":""rect"",""x"":296,""y"":122,""width"":124,""height"":153}","{""Elephant"":""1""}"
156743.jpg,41138,"{}",1,0,"{""name"":""rect"",""x"":396,""y"":13,""width"":159,""height"":188}","{""Uncle Sam"":""1""}"
156762.jpg,58629,"{}",0,0,"{}","{}"
157040.jpg,77172,"{}",0,0,"{}","{}"
157109.jpg,74355,"{}",0,0,"{}","{}"
157322.jpg,74510,"{}",1,0,"{""name"":""rect"",""x"":109,""y"":85,""width"":104,""height"":147}","{""Trump"":""1""}"
157389.jpg,45403,"{}",1,0,"{""name"":""rect"",""x"":219,""y"":109,""width"":278,""height"":286}","{""Trump"":""1""}"
157487.jpg,66377,"{}",0,0,"{}","{}"
157560.jpg,110360,"{}",1,0,"{""name"":""rect"",""x"":2,""y"":87,""width"":233,""height"":381}","{""Uncle Sam"":""1""}"
157655.jpg,74382,"{}",0,0,"{}","{}"
158120.jpg,47562,"{}",1,0,"{""name"":""rect"",""x"":200,""y"":49,""width"":132,""height"":146}","{""Trump"":""1""}"
158301.jpg,93202,"{}",1,0,"{""name"":""rect"",""x"":422,""y"":56,""width"":87,""height"":78}","{""Trump"":""1""}"
158452.jpg,84727,"{}",1,0,"{""name"":""rect"",""x"":24,""y"":112,""width"":158,""height"":281}","{""Donkey"":""1""}"
158523.jpg,50682,"{}",1,0,"{""name"":""rect"",""x"":304,""y"":160,""width"":115,""height"":136}","{""Clinton"":""1""}"
158749.jpg,69499,"{}",1,0,"{""name"":""rect"",""x"":410,""y"":176,""width"":111,""height"":129}","{""Trump"":""1""}"
159125.jpg,52853,"{}",1,0,"{""name"":""rect"",""x"":198,""y"":163,""width"":100,""height"":83}","{""Trump"":""1""}"
159367.jpg,54321,"{}",0,0,"{}","{}"
159816.jpg,72893,"{}",1,0,"{""name"":""rect"",""x"":99,""y"":108,""width"":110,""height"":177}","{""Trump"":""1""}"
159844.jpg,80719,"{}",4,0,"{""name"":""rect"",""x"":74,""y"":67,""width"":177,""height"":179}","{""Donkey"":""1""}"
159844.jpg,80719,"{}",4,1,"{""name"":""rect"",""x"":7,""y"":185,""width"":90,""height"":143}","{""Donkey"":""1""}"
159844.jpg,80719,"{}",4,2,"{""name"":""rect"",""x"":371,""y"":155,""width"":93,""height"":130}","{""Donkey"":""1""}"
159844.jpg,80719,"{}",4,3,"{""name"":""rect"",""x"":502,""y"":178,""width"":85,""height"":105}","{""Donkey"":""1""}"
160364.jpg,94401,"{}",1,0,"{""name"":""rect"",""x"":234,""y"":330,""width"":79,""height"":106}","{""Trump"":""1""}"
160374.jpg,96417,"{}",0,0,"{}","{}"
160772.jpg,59670,"{}",1,0,"{""name"":""rect"",""x"":14,""y"":59,""width"":164,""height"":174}","{""Elephant"":""1""}"
160985.jpg,54359,"{}",1,0,"{""name"":""rect"",""x"":36,""y"":137,""width"":130,""height"":160}","{""Trump"":""1""}"
160995.jpg,76888,"{}",1,0,"{""name"":""rect"",""x"":490,""y"":227,""width"":94,""height"":165}","{""Trump"":""1""}"
161028.jpg,49536,"{}",0,0,"{}","{}"
161600.jpg,89797,"{}",0,0,"{}","{}"
161667.jpg,74467,"{}",0,0,"{}","{}"
161954.jpg,49646,"{}",1,0,"{""name"":""rect"",""x"":253,""y"":264,""width"":30,""height"":95}","{""Uncle Sam"":""1""}"
162016.jpg,68160,"{}",4,0,"{""name"":""rect"",""x"":35,""y"":9,""width"":91,""height"":153}","{""Donkey"":""1""}"
162016.jpg,68160,"{}",4,1,"{""name"":""rect"",""x"":475,""y"":14,""width"":90,""height"":152}","{""Donkey"":""1""}"
162016.jpg,68160,"{}",4,2,"{""name"":""rect"",""x"":31,""y"":212,""width"":93,""height"":154}","{""Donkey"":""1""}"
162016.jpg,68160,"{}",4,3,"{""name"":""rect"",""x"":482,""y"":210,""width"":79,""height"":154}","{""Donkey"":""1""}"
162380.jpg,101099,"{}",0,0,"{}","{}"
162773.jpg,66558,"{}",1,0,"{""name"":""rect"",""x"":312,""y"":280,""width"":134,""height"":138}","{""Trump"":""1""}"
162991.jpg,65964,"{}",1,0,"{""name"":""rect"",""x"":181,""y"":179,""width"":31,""height"":35}","{""Trump"":""1""}"
163154.jpg,61598,"{}",0,0,"{}","{}"
163364.jpg,55513,"{}",0,0,"{}","{}"
163688.jpg,65958,"{}",1,0,"{""name"":""rect"",""x"":203,""y"":247,""width"":89,""height"":100}","{""Trump"":""1""}"
163698.jpg,77018,"{}",1,0,"{""name"":""rect"",""x"":466,""y"":148,""width"":102,""height"":97}","{""Trump"":""1""}"
163779.jpg,71392,"{}",0,0,"{}","{}"
163980.jpg,49639,"{}",0,0,"{}","{}"
164085.jpg,73788,"{}",0,0,"{}","{}"
164313.jpg,63468,"{}",0,0,"{}","{}"
164464.jpg,68299,"{}",0,0,"{}","{}"
164729.jpg,93404,"{}",1,0,"{""name"":""rect"",""x"":396,""y"":194,""width"":180,""height"":119}","{""Elephant"":""1""}"
164766.jpg,79414,"{}",0,0,"{}","{}"
164943.jpg,62538,"{}",0,0,"{}","{}"
165021.jpg,136244,"{}",0,0,"{}","{}"
165087.jpg,71228,"{}",0,0,"{}","{}"
165331.jpg,90989,"{}",0,0,"{}","{}"
165473.jpg,70681,"{}",0,0,"{}","{}"
165663.jpg,71202,"{}",0,0,"{}","{}"
165817.jpg,64541,"{}",2,0,"{""name"":""rect"",""x"":75,""y"":22,""width"":109,""height"":210}","{""Donkey"":""1""}"
165817.jpg,64541,"{}",2,1,"{""name"":""rect"",""x"":323,""y"":58,""width"":200,""height"":236}","{""Elephant"":""1""}"
166166.jpg,76332,"{}",0,0,"{}","{}"
166220.jpg,82339,"{}",0,0,"{}","{}"
166275.jpg,44449,"{}",0,0,"{}","{}"
166368.jpg,54693,"{}",0,0,"{}","{}"
166396.jpg,47864,"{}",0,0,"{}","{}"
166705.jpg,66758,"{}",0,0,"{}","{}"
166765.jpg,79849,"{}",2,0,"{""name"":""rect"",""x"":213,""y"":83,""width"":82,""height"":72}","{""Elephant"":""1""}"
166765.jpg,79849,"{}",2,1,"{""name"":""rect"",""x"":364,""y"":80,""width"":111,""height"":84}","{""Donkey"":""1""}"
166862.jpg,106112,"{}",2,0,"{""name"":""rect"",""x"":412,""y"":163,""width"":114,""height"":123}","{""Elephant"":""1""}"
166862.jpg,106112,"{}",2,1,"{""name"":""rect"",""x"":11,""y"":251,""width"":69,""height"":111}","{""Elephant"":""1""}"
166871.jpg,77938,"{}",0,0,"{}","{}"
167116.jpg,64772,"{}",1,0,"{""name"":""rect"",""x"":204,""y"":53,""width"":167,""height"":213}","{""Trump"":""1""}"
167147.jpg,36150,"{}",1,0,"{""name"":""rect"",""x"":135,""y"":60,""width"":78,""height"":62}","{""Trump"":""1""}"
167184.jpg,56942,"{}",1,0,"{""name"":""rect"",""x"":126,""y"":108,""width"":99,""height"":104}","{""Donkey"":""1""}"
167260.jpg,75381,"{}",1,0,"{""name"":""rect"",""x"":198,""y"":111,""width"":191,""height"":161}","{""Trump"":""1""}"
167333.jpg,48941,"{}",0,0,"{}","{}"
167491.jpg,60529,"{}",0,0,"{}","{}"
167704.jpg,63162,"{}",4,0,"{""name"":""rect"",""x"":30,""y"":193,""width"":130,""height"":146}","{""Elephant"":""1""}"
167704.jpg,63162,"{}",4,1,"{""name"":""rect"",""x"":327,""y"":202,""width"":128,""height"":136}","{""Elephant"":""1""}"
167704.jpg,63162,"{}",4,2,"{""name"":""rect"",""x"":153,""y"":143,""width"":99,""height"":154}","{""Donkey"":""1""}"
167704.jpg,63162,"{}",4,3,"{""name"":""rect"",""x"":448,""y"":143,""width"":98,""height"":158}","{""Donkey"":""1""}"
167782.jpg,72232,"{}",3,0,"{""name"":""rect"",""x"":7,""y"":114,""width"":152,""height"":188}","{""Elephant"":""1""}"
167782.jpg,72232,"{}",3,1,"{""name"":""rect"",""x"":264,""y"":113,""width"":93,""height"":113}","{""Trump"":""1""}"
167782.jpg,72232,"{}",3,2,"{""name"":""rect"",""x"":481,""y"":84,""width"":81,""height"":163}","{""Donkey"":""1""}"
168210.jpg,59970,"{}",0,0,"{}","{}"
168255.jpg,100052,"{}",0,0,"{}","{}"
168463.jpg,50646,"{}",1,0,"{""name"":""rect"",""x"":361,""y"":70,""width"":65,""height"":54}","{""Trump"":""1""}"
168550.jpg,79334,"{}",1,0,"{""name"":""rect"",""x"":451,""y"":190,""width"":130,""height"":97}","{""Trump"":""1""}"
169449.jpg,79821,"{}",1,0,"{""name"":""rect"",""x"":368,""y"":35,""width"":79,""height"":97}","{""Trump"":""1""}"
169452.jpg,80195,"{}",0,0,"{}","{}"
169555.jpg,139601,"{}",0,0,"{}","{}"
169557.jpg,62010,"{}",1,0,"{""name"":""rect"",""x"":253,""y"":137,""width"":100,""height"":90}","{""Trump"":""1""}"
169651.jpg,77527,"{}",0,0,"{}","{}"
169661.jpg,41840,"{}",1,0,"{""name"":""rect"",""x"":100,""y"":123,""width"":90,""height"":84}","{""Trump"":""1""}"
170015.jpg,44921,"{}",0,0,"{}","{}"
170105.jpg,111224,"{}",0,0,"{}","{}"
170384.jpg,47596,"{}",1,0,"{""name"":""rect"",""x"":183,""y"":47,""width"":212,""height"":175}","{""Trump"":""1""}"
170468.jpg,42420,"{}",0,0,"{}","{}"
170700.jpg,64511,"{}",0,0,"{}","{}"
170859.jpg,64938,"{}",2,0,"{""name"":""rect"",""x"":269,""y"":209,""width"":70,""height"":74}","{""Clinton"":""1""}"
170859.jpg,64938,"{}",2,1,"{""name"":""rect"",""x"":431,""y"":129,""width"":96,""height"":143}","{""Donkey"":""1""}"
170886.jpg,34401,"{}",2,0,"{""name"":""rect"",""x"":141,""y"":107,""width"":120,""height"":167}","{""Donkey"":""1""}"
170886.jpg,34401,"{}",2,1,"{""name"":""rect"",""x"":312,""y"":143,""width"":175,""height"":210}","{""Elephant"":""1""}"
170905.jpg,79692,"{}",7,0,"{""name"":""rect"",""x"":18,""y"":163,""width"":79,""height"":94}","{""Elephant"":""1""}"
170905.jpg,79692,"{}",7,1,"{""name"":""rect"",""x"":408,""y"":150,""width"":82,""height"":90}","{""Donkey"":""1""}"
170905.jpg,79692,"{}",7,2,"{""name"":""rect"",""x"":364,""y"":147,""width"":61,""height"":93}","{""Donkey"":""1""}"
170905.jpg,79692,"{}",7,3,"{""name"":""rect"",""x"":326,""y"":135,""width"":57,""height"":95}","{""Donkey"":""1""}"
170905.jpg,79692,"{}",7,4,"{""name"":""rect"",""x"":289,""y"":117,""width"":72,""height"":86}","{""Donkey"":""1""}"
170905.jpg,79692,"{}",7,5,"{""name"":""rect"",""x"":268,""y"":90,""width"":87,""height"":90}","{""Donkey"":""1""}"
170905.jpg,79692,"{}",7,6,"{""name"":""rect"",""x"":264,""y"":65,""width"":73,""height"":73}","{""Donkey"":""1""}"
170921.jpg,58450,"{}",0,0,"{}","{}"
170930.jpg,73590,"{}",2,0,"{""name"":""rect"",""x"":44,""y"":126,""width"":101,""height"":105}","{""Trump"":""1""}"
170930.jpg,73590,"{}",2,1,"{""name"":""rect"",""x"":453,""y"":127,""width"":103,""height"":98}","{""Trump"":""1""}"
170937.jpg,101287,"{}",0,0,"{}","{}"
171077.jpg,89120,"{}",0,0,"{}","{}"
171225.jpg,113110,"{}",0,0,"{}","{}"
171480.jpg,36815,"{}",0,0,"{}","{}"
171597.jpg,70520,"{}",0,0,"{}","{}"
171896.jpg,100955,"{}",1,0,"{""name"":""rect"",""x"":9,""y"":108,""width"":159,""height"":128}","{""Trump"":""1""}"
171947.jpg,61743,"{}",1,0,"{""name"":""rect"",""x"":245,""y"":237,""width"":111,""height"":124}","{""Trump"":""1""}"
172506.jpg,118398,"{}",0,0,"{}","{}"
172826.jpg,65538,"{}",0,0,"{}","{}"
173186.jpg,74374,"{}",0,0,"{}","{}"
173316.jpg,70390,"{}",0,0,"{}","{}"
173396.jpg,118844,"{}",1,0,"{""name"":""rect"",""x"":181,""y"":259,""width"":120,""height"":153}","{""Uncle Sam"":""1""}"
173645.jpg,40707,"{}",1,0,"{""name"":""rect"",""x"":405,""y"":117,""width"":98,""height"":97}","{""Donkey"":""1""}"
173857.jpg,77775,"{}",0,0,"{}","{}"
173873.jpg,87531,"{}",0,0,"{}","{}"
174082.jpg,80428,"{}",0,0,"{}","{}"
174090.jpg,44628,"{}",0,0,"{}","{}"
174443.jpg,118663,"{}",1,0,"{""name"":""rect"",""x"":115,""y"":161,""width"":97,""height"":119}","{""Trump"":""1""}"
174474.jpg,101384,"{}",0,0,"{}","{}"
174577.jpg,74644,"{}",1,0,"{""name"":""rect"",""x"":380,""y"":149,""width"":143,""height"":142}","{""Trump"":""1""}"
174847.jpg,65916,"{}",0,0,"{}","{}"
174903.jpg,67013,"{}",0,0,"{}","{}"
175338.jpg,36029,"{}",0,0,"{}","{}"
175744.jpg,55331,"{}",0,0,"{}","{}"
176051.jpg,18843,"{}",0,0,"{}","{}"
176115.jpg,51103,"{}",0,0,"{}","{}"
176394.jpg,31758,"{}",0,0,"{}","{}"
176454.jpg,74413,"{}",1,0,"{""name"":""rect"",""x"":333,""y"":149,""width"":126,""height"":112}","{""Trump"":""1""}"
176472.jpg,41259,"{}",2,0,"{""name"":""rect"",""x"":370,""y"":107,""width"":64,""height"":92}","{""Elephant"":""1""}"
176472.jpg,41259,"{}",2,1,"{""name"":""rect"",""x"":544,""y"":98,""width"":27,""height"":36}","{""Trump"":""1""}"